cycle,pid,epoch,vmsize_kib,vmrss_kib,threads
0,70143,1791005276,2202020,200788,21
1,70143,1791005284,2196584,186300,21
2,70143,1791005291,2196044,186928,21
3,70143,1791005299,2196044,187968,21
4,70143,1791005307,2196044,188020,21
5,70143,1791005314,2199952,192348,21
6,70143,1791005322,2196044,188456,21
7,70143,1791005329,2196044,188684,21
8,70143,1791005337,2199952,191576,21
9,70143,1791005344,2199952,191848,21
10,70143,1791005352,2199952,191712,21
11,70143,1791005359,2199952,192000,21
