i,epoch,vmsize_kb,vmrss_kb,threads,last_sync_exit
0,1790578561,2228576,206448,21,1790578508_0
1,1790578573,2238128,212524,21,1790578568_0
2,1790578585,2248368,217040,21,1790578579_0
3,1790578597,2258608,219548,21,1790578591_0
4,1790578609,2268848,220456,21,1790578603_0
5,1790578620,2279088,221076,21,1790578615_0
6,1790578632,2289328,222128,21,1790578627_0
7,1790578644,2299568,222640,21,1790578639_0
8,1790578656,2309808,222768,21,1790578650_0
9,1790578668,2320048,222832,21,1790578662_0
10,1790578680,2330288,222988,21,1790578674_0
11,1790578691,2340528,223568,21,1790578686_0
12,1790578703,2350768,223756,21,1790578698_0
13,1790578715,2361008,223844,21,1790578710_0
14,1790578727,2371248,223888,21,1790578722_0
15,1790578739,2381488,224284,21,1790578733_0
16,1790578751,2391728,224476,21,1790578745_0
17,1790578763,2401968,224532,21,1790578757_0
18,1790578774,2412208,224572,21,1790578769_0
19,1790578786,2422448,224652,21,1790578781_0
20,1790578798,2432688,224800,21,1790578793_0
21,1790578810,2442928,224940,21,1790578805_0
22,1790578822,2453168,224960,21,1790578817_0
23,1790578834,2463408,224988,21,1790578828_0
24,1790578846,2473648,226200,21,1790578840_0
25,1790578857,2483888,226220,21,1790578852_0
26,1790578869,2494128,226288,21,1790578864_0
27,1790578881,2504368,226320,21,1790578876_0
28,1790578893,2514608,226768,21,1790578888_0
29,1790578905,2524848,227184,21,1790578899_0
30,1790578917,2535088,227224,21,1790578911_0
31,1790578928,2545328,227292,21,1790578923_0
32,1790578940,2555568,227320,21,1790578935_0
33,1790578952,2565808,227352,21,1790578947_0
34,1790578964,2576048,227484,21,1790578959_0
35,1790578976,2586288,227528,21,1790578971_0
36,1790578988,2596528,227588,21,1790578982_0
37,1790579000,2606768,227624,21,1790578994_0
38,1790579012,2617008,227680,21,1790579006_0
39,1790579023,2627248,227716,21,1790579018_0
40,1790579035,2637488,227960,21,1790579030_0
41,1790579047,2647728,227988,21,1790579042_0
42,1790579059,2657968,228152,21,1790579054_0
43,1790579071,2668208,228172,21,1790579066_0
44,1790579083,2678448,228196,21,1790579078_0
45,1790579095,2688688,228220,21,1790579089_0
46,1790579107,2698928,228252,21,1790579101_0
47,1790579118,2709168,228688,21,1790579113_0
48,1790579130,2719408,228716,21,1790579125_0
49,1790579142,2729648,229524,21,1790579137_0
50,1790579154,2739888,229540,21,1790579148_0
