cycle,pid,epoch,vmsize_kib,vmrss_kib,threads
0,1968,1791059940,1557024,152108,13
1,1968,1791059948,1560148,144504,13
2,1968,1791059955,1560148,144044,13
3,1968,1791059963,1560148,144340,13
4,1968,1791059971,1560148,144360,13
5,1968,1791059978,1560148,144104,13
6,1968,1791059986,1560148,144508,13
7,1968,1791059993,1560148,144756,13
8,1968,1791060001,1560148,144656,13
9,1968,1791060008,1560148,144832,13
10,1968,1791060016,1560148,144896,13
11,1968,1791060023,1560148,144652,13
12,1968,1791060031,1560148,145244,13
13,1968,1791060038,1560148,144916,13
14,1968,1791060046,1560148,145184,13
15,1968,1791060054,1560148,144724,13
